"Name","Screen name","Party","Constituency","Followers","New followers in last 24 hours"
"Boris Johnson ","@BorisJohnson","Conservative","Uxbridge and South Ruislip",3591073,796
"Jeremy Corbyn ","@jeremycorbyn","Independent","Islington North",2441019,370
"Keir Starmer ","@Keir_Starmer","Labour","Holborn and St Pancras",1115588,-21
"Theresa May ","@theresa_may","Conservative","Maidenhead",996872,-31
"Edward Miliband ","@Ed_Miliband","Labour","Doncaster North",768781,-48
"David Lammy ","@DavidLammy","Labour","Tottenham",733268,17
"Caroline Lucas ","@CarolineLucas","Green Party","Brighton, Pavilion",508966,80
"Rishi Sunak","@RishiSunak","Conservative","Richmond (Yorks)",476860,90
"Jess Phillips ","@jessphillips","Labour","Birmingham, Yardley",442740,107
"Matthew Hancock ","@MattHancock","Conservative","West Suffolk",436790,-19
"Jacob Rees-Mogg ","@Jacob_Rees_Mogg","Conservative","North East Somerset",433778,3
"Diane Abbott ","@HackneyAbbott","Labour","Hackney North and Stoke Newington",378692,62
"Priti Patel ","@pritipatel","Conservative","Witham",345237,116
"Dominic Raab","@DominicRaab","Conservative","Esher and Walton",331750,67
"Yvette Cooper ","@YvetteCooperMP","Labour","Normanton, Pontefract and Castleford",320763,25
"John McDonnell ","@johnmcdonnellMP","Labour","Hayes and Harlington",295969,40
"Angela Rayner ","@AngelaRayner","Labour","Ashton-under-Lyne",292776,68
"Tim Farron","@timfarron","Liberal Democrat","Westmorland and Lonsdale",280434,-8
"Sajid Javid ","@sajidjavid","Conservative","Bromsgrove",248875,160
"Dawn Butler ","@DawnButlerBrent","Labour","Brent Central",230334,43
"Michael Gove ","@michaelgove","Conservative","Surrey Heath",225102,33
"Jeremy Hunt ","@Jeremy_Hunt","Conservative","South West Surrey",222419,1
"Emily Thornberry ","@EmilyThornberry","Labour","Islington South and Finsbury",216199,14
"Lisa Nandy ","@lisanandy","Labour","Wigan",216148,84
"Mhairi Black ","@MhairiBlack","Scottish National Party","Paisley and Renfrewshire South",195741,10
"Dr Rosena Allin-Khan ","@DrRosena","Labour","Tooting",189261,-4
"Rebecca Long-Bailey","@RLong_Bailey","Labour","Salford and Eccles",185587,7
"Zarah Sultana","@zarahsultana","Labour","Coventry South",181440,124
"Harriet Harman QC ","@HarrietHarman","Labour","Camberwell and Peckham",181081,-7
"David Davis ","@DavidDavisMP","Conservative","Haltemprice and Howden",176514,26
"Hilary Benn ","@hilarybennmp","Labour","Leeds Central",163465,0
"Tulip Siddiq ","@TulipSiddiq","Labour","Hampstead and Kilburn",160205,15
"Stella Creasy ","@stellacreasy","Labour","Walthamstow",143921,3
"Richard Burgon ","@RichardBurgon","Labour","Leeds East",142211,90
"Grant Shapps ","@grantshapps","Conservative","Welwyn Hatfield",140640,66
"Elizabeth Truss ","@trussliz","Conservative","South West Norfolk",123494,41
"Andrea Leadsom ","@andrealeadsom","Conservative","South Northamptonshire",123021,12
"Steven Baker ","@SteveBakerHW","Conservative","Wycombe",113572,40
"Joanna Cherry QC ","@joannaccherry","Scottish National Party","Edinburgh South West",112262,-3
"Ian Blackford ","@Ianblackford_MP","Scottish National Party","Ross, Skye and Lochaber",112081,-6
"Clive Lewis ","@labourlewis","Labour","Norwich South",109094,-9
"John Redwood ","@johnredwood","Conservative","Wokingham",105607,52
"Rachel Reeves ","@RachelReevesMP","Labour","Leeds West",105087,8
"Dr Liam Fox ","@LiamFox","Conservative","North Somerset",103258,12
"Jonathan Ashworth ","@JonAshworth","Labour","Leicester South",102698,15
"James Cleverly ","@JamesCleverly","Conservative","Braintree",100676,35
"Gavin Williamson ","@GavinWilliamson","Conservative","South Staffordshire",99848,12
"Liz Kendall ","@leicesterliz","Labour","Leicester West",93638,-4
"Johnny Mercer ","@JohnnyMercerUK","Conservative","Plymouth, Moor View",91982,233
"Barry Gardiner ","@BarryGardiner","Labour","Brent North",91665,-3
"Tanmanjit Singh Dhesi","@TanDhesi","Labour","Slough",90113,-7
"Ian Lavery ","@IanLaveryMP","Labour","Wansbeck",83961,21
"Penny Mordaunt ","@PennyMordaunt","Conservative","Portsmouth North",80933,11
"Wes Streeting ","@wesstreeting","Labour","Ilford North",77673,1
"Nadia Whittome","@NadiaWhittomeMP","Labour","Nottingham East",75545,-19
"Angela Eagle ","@angelaeagle","Labour","Wallasey",75263,-4
"Chris Bryant ","@RhonddaBryant","Labour","Rhondda",72534,-7
"Ben Bradshaw ","@BenPBradshaw","Labour","Exeter",71891,-11
"Dan Jarvis ","@DanJarvisMP","Labour","Barnsley Central",71287,33
"Layla Moran","@LaylaMoran","Liberal Democrat","Oxford West and Abingdon",69354,17
"Tom Tugendhat ","@TomTugendhat","Conservative","Tonbridge and Malling",67895,1419
"Tracy Brabin ","@TracyBrabin","Labour","Batley and Spen",65982,2
"Edward Davey","@EdwardJDavey","Liberal Democrat","Kingston and Surbiton",65842,28
"Anneliese Dodds","@AnnelieseDodds","Labour","Oxford East",63916,4
"Nadhim Zahawi ","@nadhimzahawi","Conservative","Stratford-on-Avon",63531,3
"Esther McVey","@EstherMcVey1","Conservative","Tatton",62578,8
"Andrea Jenkyns ","@andreajenkyns","Conservative","Morley and Outwood",61421,-1
"Tobias Ellwood","@Tobias_Ellwood","Conservative","Bournemouth East",60835,82
"Brandon Lewis ","@BrandonLewis","Conservative","Great Yarmouth",59044,-2
"Jon Trickett ","@jon_trickett","Labour","Hemsworth",58809,105
"Lucy Powell ","@LucyMPowell","Labour","Manchester Central",58252,5
"Robert Jenrick ","@RobertJenrick","Conservative","Newark",55914,9
"Alok Sharma ","@AlokSharma_RDG","Conservative","Reading West",54932,72
"Alison McGovern ","@Alison_McGovern","Labour","Wirral South",54600,4
"Claudia Webbe","@ClaudiaWebbe","Independent","Leicester East",53885,54
"Iain Duncan Smith","@MPIainDS","Conservative","Chingford and Woodford Green",53583,17
"Bell Ribeiro-Addy","@BellRibeiroAddy","Labour","Streatham",53394,9
"Debbie Abrahams ","@Debbie_abrahams","Labour","Oldham East and Saddleworth",52522,8
"Naz Shah ","@NazShahBfd","Labour","Bradford West",52470,15
"Dan Carden","@DanCardenMP","Labour","Liverpool, Walton",51952,8
"Pete Wishart ","@PeteWishart","Scottish National Party","Perth and North Perthshire",50371,7
"Kate Green ","@KateGreenSU","Labour","Stretford and Urmston",50265,6
"Owen Paterson ","@OwenPaterson","Conservative","North Shropshire",49957,5
"Andrew Gwynne ","@GwynneMP","Labour","Denton and Reddish",49325,7
"Margaret Hodge ","@margarethodge","Labour","Barking",49112,-5
"Jonathan Reynolds ","@jreynoldsMP","Labour","Stalybridge and Hyde",48446,4
"Sarah Champion ","@SarahChampionMP","Labour","Rotherham",48440,6
"Louise Haigh ","@LouHaigh","Labour","Sheffield, Heeley",47916,13
"Maria Eagle ","@meaglemp","Labour","Garston and Halewood",47580,1
"Desmond Swayne ","@DesmondSwayne","Conservative","New Forest West",47324,-5
"Dr Rupa Huq ","@RupaHuq","Labour","Ealing Central and Acton",46446,1
"Alyn Smith","@AlynSmith","Scottish National Party","Stirling",45809,0
"Chi Onwurah ","@ChiOnwurah","Labour","Newcastle upon Tyne Central",45060,-9
"Rushanara Ali ","@rushanaraali","Labour","Bethnal Green and Bow",44105,0
"Kemi Badenoch","@KemiBadenoch","Conservative","Saffron Walden",44001,3
"Andy McDonald ","@AndyMcDonaldMP","Labour","Middlesbrough",43149,11
"Peter Kyle ","@peterkyle","Labour","Hove",42107,3
"Angus MacNeil ","@AngusMacNeilSNP","Scottish National Party","Na h-Eileanan an Iar",41396,28
"Dehenna Davison","@DehennaDavison","Conservative","Bishop Auckland",41382,12
"Michael Fabricant ","@Mike_Fabricant","Conservative","Lichfield",41070,3
"Cat Smith ","@CatSmithMP","Labour","Lancaster and Fleetwood",40901,-1
"Geoffrey Cox QC ","@Geoffrey_Cox","Conservative","Torridge and West Devon",40653,0
"Marsha de Cordova","@MarshadeCordova","Labour","Battersea",39765,6
"Peter Bone ","@PeterBoneUK","Conservative","Wellingborough",39475,9
"Colum Eastwood","@columeastwood","Social Democratic and Labour Party","Foyle",39376,-4
"Tracey Crouch ","@tracey_crouch","Conservative","Chatham and Aylesford",38993,3
"Lindsay Hoyle","@LindsayHoyle_MP","Speaker","Chorley",38669,3
"Greg Hands ","@GregHands","Conservative","Chelsea and Fulham",38274,7
"Bridget Phillipson ","@bphillipsonMP","Labour","Houghton and Sunderland South",38179,14
"Andrew Bridgen ","@ABridgen","Conservative","North West Leicestershire",37395,16
"Dr Philippa Whitford ","@Dr_PhilippaW","Scottish National Party","Central Ayrshire",37372,17
"John Penrose ","@JohnPenroseNews","Conservative","Weston-super-Mare",37269,6
"Preet Gill","@PreetKGillMP","Labour","Birmingham, Edgbaston",36789,10
"Liam Byrne ","@liambyrnemp","Labour","Birmingham, Hodge Hill",36689,-4
"Bernard Jenkin ","@bernardjenkin","Conservative","Harwich and North Essex",36367,0
"Rosie Duffield","@RosieDuffield1","Labour","Canterbury",36282,6
"Tommy Sheppard ","@TommySheppard","Scottish National Party","Edinburgh East",36280,7
"Luke Pollard","@LukePollard","Labour","Plymouth, Sutton and Devonport",36207,60
"Robert Halfon ","@halfon4harlowMP","Conservative","Harlow",36146,8
"Mark Harper ","@Mark_J_Harper","Conservative","Forest of Dean",36003,0
"Claire Hanna","@ClaireHanna","Social Democratic and Labour Party","Belfast South",35896,9
"Kate Osamor ","@KateOsamor","Labour","Edmonton",35525,5
"Oliver Dowden","@OliverDowden","Conservative","Hertsmere",35206,3
"Douglas Ross","@Douglas4Moray","Conservative","Moray",35186,21
"Stephen Kinnock ","@SKinnock","Labour","Aberavon",34844,-3
"Stephen Doughty ","@SDoughtyMP","Labour","Cardiff South and Penarth",34665,1
"Stewart Malcolm McDonald ","@StewartMcDonald","Scottish National Party","Glasgow South",34602,-4
"Sharon Hodgson ","@SharonHodgsonMP","Labour","Washington and Sunderland West",34545,0
"Karl Turner ","@KarlTurnerMP","Labour","Kingston upon Hull East",34512,-3
"Steve Reed ","@SteveReedMP","Labour","Croydon North",34379,-3
"Neil O'Brien","@NeilDotObrien","Conservative","Harborough",34177,-3
"John Nicolson ","@MrJohnNicolson","Scottish National Party","Ochil and South Perthshire",33771,3
"Damian Hinds","@DamianHinds","Conservative","East Hampshire",33458,326
"Jo Stevens ","@JoStevensLabour","Labour","Cardiff Central",33173,-1
"Ben Bradley","@BBradley_Mans","Conservative","Mansfield",33171,3
"Ian Murray ","@IanMurrayMP","Labour","Edinburgh South",32974,-1
"Julian Smith ","@JulianSmithUK","Conservative","Skipton and Ripon",32974,0
"Bill Esterson ","@Bill_Esterson","Labour","Sefton Central",32818,3
"Greg Clark","@GregClarkMP","Conservative","Tunbridge Wells",32448,0
"Stephen Barclay ","@SteveBarclay","Conservative","North East Cambridgeshire",32421,0
"Grahame Morris ","@grahamemorris","Labour","Easington",32397,4
"Kerry McCarthy ","@KerryMP","Labour","Bristol East",32392,-1
"Nick Thomas-Symonds ","@NickTorfaen","Labour","Torfaen",31451,0
"James Duddridge ","@JamesDuddridge","Conservative","Rochford and Southend East",31013,9
"Catherine West ","@CatherineWest1","Labour","Hornsey and Wood Green",30999,-2
"John Finucane","@johnfinucane","Sinn Féin","Belfast North",30873,10
"Suella Fernandes ","@SuellaBraverman","Conservative","Fareham",30397,6
"Lloyd Russell-Moyle","@lloyd_rm","Labour","Brighton, Kemptown",30395,3
"Charles Walker","@CharlesWalkerMP","Conservative","Broxbourne",30333,-10
"Damian Collins ","@DamianCollins","Conservative","Folkestone and Hythe",30204,-1
"Alison Thewliss ","@alisonthewliss","Scottish National Party","Glasgow Central",30000,9
"James Brokenshire ","@JBrokenshire","Conservative","Old Bexley and Sidcup",29952,25
"John Healey ","@JohnHealey_MP","Labour","Wentworth and Dearne",29427,6
"Ian Byrne","@IanByrneMP","Labour","Liverpool, West Derby",29362,1
"Lilian Greenwood ","@LilianGreenwood","Labour","Nottingham South",29353,-1
"Rachael Maskell ","@RachaelMaskell","Labour","York Central",29295,-3
"Thangam Debbonaire ","@ThangamMP","Labour","Bristol West",29275,0
"Afzal Khan","@Afzal4Gorton","Labour","Manchester, Gorton",29162,3
"Darren Jones","@darrenpjones","Labour","Bristol North West",29152,0
"Lucy Allan ","@lucyallan","Conservative","Telford",29127,3
"Robert Buckland ","@RobertBuckland","Conservative","South Swindon",28941,10
"Apsana Begum","@ApsanaBegumMP","Labour","Poplar and Limehouse",28674,11
"Emma Hardy","@EmmaHardyMP","Labour","Kingston upon Hull West and Hessle",28416,3
"Catherine McKinnell ","@CatMcKinnell","Labour","Newcastle upon Tyne North",28384,-7
"Stewart Hosie ","@StewartHosieSNP","Scottish National Party","Dundee East",28356,3
"George Freeman ","@GeorgeFreemanMP","Conservative","Mid Norfolk",28294,1
"Ian Mearns ","@IanMearnsMP","Labour","Gateshead",28156,-1
"Diana Johnson ","@DianaJohnsonMP","Labour","Kingston upon Hull North",27834,2
"Toby Perkins ","@tobyperkinsmp","Labour","Chesterfield",27813,6
"Harriett Baldwin ","@hbaldwin","Conservative","West Worcestershire",27740,-5
"Justin Madders ","@justinmadders","Labour","Ellesmere Port and Neston",27531,7
"Carolyn Harris ","@carolynharris24","Labour","Swansea East",26859,9
"Neil Coyle ","@coyleneil","Labour","Bermondsey and Old Southwark",26668,1
"Jesse Norman ","@Jesse_Norman","Conservative","Hereford and South Herefordshire",26528,0
"Barbara Keeley ","@KeeleyMP","Labour","Worsley and Eccles South",26355,4
"Dr Thérèse Coffey ","@theresecoffey","Conservative","Suffolk Coastal",26119,2
"Jim McMahon ","@JimfromOldham","Labour","Oldham West and Royton",26098,9
"Kirsty Blackman ","@KirstySNP","Scottish National Party","Aberdeen North",25857,3
"Florence Eshalomi","@FloEshalomi","Labour","Vauxhall",25609,-6
"Andy Slaughter ","@hammersmithandy","Labour","Hammersmith",25592,0
"Daniel Kawczynski ","@DKShrewsbury","Conservative","Shrewsbury and Atcham",25361,4
"Bob Blackman ","@BobBlackman","Conservative","Harrow East",25296,0
"Emma Lewell-Buck ","@EmmaLewellBuck","Labour","South Shields",25253,1
"Kevin Brennan ","@KevinBrennanMP","Labour","Cardiff West",25152,-3
"Seema Malhotra ","@SeemaMalhotra1","Labour","Feltham and Heston",25108,0
"Jeffrey M. Donaldson ","@J_Donaldson_MP","Democratic Unionist Party","Lagan Valley",25018,31
"Hannah Bardell ","@HannahB4LiviMP","Scottish National Party","Livingston",24826,3
"Jack Dromey ","@JackDromeyMP","Labour","Birmingham, Erdington",24795,4
"Andrew Stephenson ","@Andrew4Pendle","Conservative","Pendle",24757,2
"Pat McFadden ","@patmcfaddenmp","Labour","Wolverhampton South East",24682,4
"Helen Whately ","@Helen_Whately","Conservative","Faversham and Mid Kent",24350,-2
"Shabana Mahmood ","@ShabanaMahmood","Labour","Birmingham, Ladywood",24242,10
"Holly Lynch ","@HollyLynch5","Labour","Halifax",24203,-2
"Anne-Marie Trevelyan ","@annietrev","Conservative","Berwick-upon-Tweed",23836,11
"Alex Sobel","@alexsobel","Labour","Leeds North West",23758,13
"Helen Hayes ","@helenhayes_","Labour","Dulwich and West Norwood",23629,1
"Nusrat Ghani ","@Nus_Ghani","Conservative","Wealden",23322,28
"Yasmin Qureshi ","@YasminQureshiMP","Labour","Bolton South East",23192,23
"Conor Burns","@ConorBurnsUK","Conservative","Bournemouth West",23185,10
"Kwasi Kwarteng ","@KwasiKwarteng","Conservative","Spelthorne",22845,20
"Stephen Crabb ","@SCrabbPembs","Conservative","Preseli Pembrokeshire",22831,-3
"Caroline Nokes","@carolinenokes","Conservative","Romsey and Southampton North",22776,-3
"Kevan Jones ","@KevanJonesMP","Labour","North Durham",22763,0
"John Glen ","@JohnGlenUK","Conservative","Salisbury",22749,6
"Chris Skidmore","@CSkidmoreUK","Conservative","Kingswood",22663,7
"Ruth Cadbury ","@RuthCadbury","Labour","Brentford and Isleworth",22560,8
"Barry Sheerman ","@BarrySheerman","Labour","Huddersfield",22494,-1
"Alistair Carmichael","@amcarmichaelMP","Liberal Democrat","Orkney and Shetland",22460,2
"Ellie Reeves","@elliereeves","Labour","Lewisham West and Penge",22451,-2
"Charlotte Nichols","@charlotte2153","Labour","Warrington North",22434,1
"Christopher Hazzard","@ChrisHazzardSF","Sinn Féin","South Down",22292,0
"Chris Heaton-Harris ","@chhcalling","Conservative","Daventry",22216,1
"Ben Wallace ","@BWallaceMP","Conservative","Wyre and Preston North",22149,75
"Caroline Dinenage ","@cj_dinenage","Conservative","Gosport",22048,2
"Matthew Pennycook ","@mtpennycook","Labour","Greenwich and Woolwich",21727,1
"Paul Blomfield ","@PaulBlomfieldMP","Labour","Sheffield Central",21653,-1
"Margaret Greenwood ","@MGreenwoodWW","Labour","Wirral West",21649,1
"Alex Cunningham ","@ACunninghamMP","Labour","Stockton North",21540,5
"Maria Caulfield ","@mariacaulfield","Conservative","Lewes",21459,1
"Andrew Rosindell ","@AndrewRosindell","Conservative","Romford",21439,0
"Sam Tarry","@SamTarry","Labour","Ilford South",21329,2
"Wera Hobhouse","@Wera_Hobhouse","Liberal Democrat","Bath",21303,-1
"Sammy Wilson ","@eastantrimmp","Democratic Unionist Party","East Antrim",21283,2
"Jon Cruddas ","@JonCruddas_1","Labour","Dagenham and Rainham",21281,4
"Sarah Jones","@LabourSJ","Labour","Croydon Central",21226,-2
"Maria Miller ","@MariaMillerUK","Conservative","Basingstoke",21114,0
"Tim Loughton ","@timloughton","Conservative","East Worthing and Shoreham",21041,-3
"Julie Elliott ","@JulieElliottMP","Labour","Sunderland Central",21004,-1
"Siobhain McDonagh","@Siobhain_Mc","Labour","Mitcham and Morden",20981,-1
"Anne Marie Morris ","@AnneMarieMorris","Conservative","Newton Abbot",20892,1
"Helen Grant ","@HelenGrantMP","Conservative","Maidstone and The Weald",20868,1
"Justin Tomlinson ","@JustinTomlinson","Conservative","North Swindon",20850,5
"Vicky Foxcroft ","@vickyfoxcroft","Labour","Lewisham, Deptford",20838,0
"Philip Davies ","@PhilipDaviesUK","Conservative","Shipley",20798,2
"Daniel Zeichner ","@DanielZeichner","Labour","Cambridge",20763,-1
"Christopher Pincher ","@ChrisPincher","Conservative","Tamworth",20635,1
"Andrew Selous ","@AndrewSelous","Conservative","South West Bedfordshire",20632,4
"William Cash ","@BillCashMP","Conservative","Stone",20601,-1
"Vicky Ford","@vickyford","Conservative","Chelmsford",20555,-2
"Carol Monaghan ","@CMonaghanSNP","Scottish National Party","Glasgow North West",20474,-1
"Daisy Cooper","@libdemdaisy","Liberal Democrat","St Albans",20456,18
"Meg Hillier ","@Meg_HillierMP","Labour","Hackney South and Shoreditch",20175,5
"Pauline Latham ","@Pauline_Latham","Conservative","Mid Derbyshire",20159,-1
"Damian Green ","@DamianGreen","Conservative","Ashford",20159,6
"Jake Berry ","@JakeBerry","Conservative","Rossendale and Darwen",20097,6
"Guy Opperman ","@GuyOpperman","Conservative","Hexham",20097,2
"Michelle Gildernew","@gildernewm","Sinn Féin","Fermanagh and South Tyrone",20080,3
"Huw Merriman ","@HuwMerriman","Conservative","Bexhill and Battle",20040,5
"Heather Wheeler ","@HeatherWheeler","Conservative","South Derbyshire",19957,1
"Kenny MacAskill","@KennyMacAskill","Scottish National Party","East Lothian",19804,-4
"Virendra Sharma ","@VirendraSharma","Labour","Ealing, Southall",19792,7
"Sarah Owen","@SarahOwen_","Labour","Luton North",19769,7
"Matt Warman ","@mattwarman","Conservative","Boston and Skegness",19602,2
"Paul Maskey ","@PaulMaskeyMP","Sinn Féin","Belfast West",19578,0
"Stephen Hammond","@S_Hammond","Conservative","Wimbledon",19505,-1
"Chris Law ","@ChrisLawSNP","Scottish National Party","Dundee West",19482,-3
"Jonathan Djanogly ","@JDjanogly","Conservative","Huntingdon",19200,1
"Graham Brady","@SirGrahamBrady","Conservative","Altrincham and Sale West",19099,-1
"Stuart Andrew","@StuartAndrew","Conservative","Pudsey",19075,2
"Rehman Chishti ","@Rehman_Chishti","Conservative","Gillingham and Rainham",19065,3
"Paul Maynard ","@PaulMaynardUK","Conservative","Blackpool North and Cleveleys",18996,3
"Imran Hussain ","@Imran_HussainMP","Labour","Bradford East",18988,6
"Simon Hoare ","@Simon4NDorset","Conservative","North Dorset",18968,6
"Michelle Donelan ","@michelledonelan","Conservative","Chippenham",18709,5
"Nick Gibb","@NickGibbUK","Conservative","Bognor Regis and Littlehampton",18554,4
"Chloe Smith","@NorwichChloe","Conservative","Norwich North",18512,2
"James Gray ","@JGray","Conservative","North Wiltshire",18419,5
"Sheryll Murray ","@sheryllmurray","Conservative","South East Cornwall",18411,-3
"Liz Saville Roberts ","@LSRPlaid","Plaid Cymru","Dwyfor Meirionnydd",18189,-4
"Iain Stewart ","@iainastewart","Conservative","Milton Keynes South",18148,3
"Steve McCabe ","@steve_mccabe","Labour","Birmingham, Selly Oak",18142,4
"Karen Buck ","@KarenPBuckMP","Labour","Westminster North",18072,12
"Mark Spencer ","@Mark_Spencer","Conservative","Sherwood",18028,6
"Nia Griffith ","@NiaGriffithMP","Labour","Llanelli",17853,10
"Stephen Timms ","@stephenctimms","Labour","East Ham",17809,-3
"Taiwo Owatemi","@TaiwoOwatemi","Labour","Coventry North West",17796,4
"Jason McCartney ","@JasonMcCartney","Conservative","Colne Valley",17743,-1
"Conor McGinn ","@ConorMcGinn","Labour","St Helens North",17539,7
"Robert Neill ","@neill_bob","Conservative","Bromley and Chislehurst",17343,1
"Simon Clarke","@SimonClarkeMP","Conservative","Middlesbrough South and East Cleveland",17287,4
"Andrew Bowie","@AndrewBowie_MP","Conservative","West Aberdeenshire and Kincardine",17223,2
"Marcus Fysh ","@MarcusFysh","Conservative","Yeovil",17211,0
"Graham Stuart ","@grahamstuart","Conservative","Beverley and Holderness",17196,3
"Amanda Milling ","@amandamilling","Conservative","Cannock Chase",17184,24
"Kit Malthouse ","@kitmalthouse","Conservative","North West Hampshire",17112,3
"Henry Smith ","@HenrySmithUK","Conservative","Crawley",16980,7
"Deidre Brock ","@DeidreBrock","Scottish National Party","Edinburgh North and Leith",16890,-2
"Patrick Grady ","@GradySNP","Scottish National Party","Glasgow North",16802,-1
"Gareth Thomas ","@GarethThomasMP","Labour","Harrow West",16734,1
"Will Quince ","@willquince","Conservative","Colchester",16674,0
"Sarah Olney","@sarahjolney1","Liberal Democrat","Richmond Park",16668,1
"David Mundell ","@DavidMundellDCT","Conservative","Dumfriesshire, Clydesdale & Tweeddale",16668,0
"Nigel Huddleston ","@HuddlestonNigel","Conservative","Mid Worcestershire",16616,5
"Peter Grant ","@PeterGrantMP","Scottish National Party","Glenrothes",16457,-3
"Anna McMorrin","@AnnaMcMorrin","Labour","Cardiff North",16387,-1
"Margaret Ferrier ","@MargaretFerrier","Independent","Rutherglen and Hamilton West",16372,2
"Adam Afriyie ","@AdamAfriyie","Conservative","Windsor",16358,-1
"Mims Davies ","@mimsdavies","Conservative","Mid Sussex",16301,-3
"Chris Stephens ","@ChrisStephens","Scottish National Party","Glasgow South West",16296,6
"Abena Oppong-Asare","@abenaopp","Labour","Erith and Thamesmead",16166,-1
"Peter Dowd ","@Peter_Dowd","Labour","Bootle",16150,3
"Joy Morrissey","@joymorrissey","Conservative","Beaconsfield",16123,0
"Wendy Morton ","@morton_wendy","Conservative","Aldridge-Brownhills",16090,16
"Drew Hendry ","@drewhendrySNP","Scottish National Party","Inverness, Nairn, Badenoch and Strathspey",15965,-4
"Alec Shelbrooke ","@AlecShelbrooke","Conservative","Elmet and Rothwell",15892,1
"Mark Garnier ","@Mark4WyreForest","Conservative","Wyre Forest",15882,5
"David T. C. Davies ","@DavidTCDavies","Conservative","Monmouth",15839,2
"Kirsten Oswald ","@kirstenoswald","Scottish National Party","East Renfrewshire",15760,3
"Andrew Jones","@AJonesMP","Conservative","Harrogate and Knaresborough",15690,-1
"Tonia Antoniazzi","@ToniaAntoniazzi","Labour","Gower",15614,1
"Dr Andrew Murrison ","@AWMurrison","Conservative","South West Wiltshire",15605,5
"Neil Gray ","@neilgraysnp","Scottish National Party","Airdrie and Shotts",15560,-2
"Paul Scully ","@scullyp","Conservative","Sutton and Cheam",15477,2
"Geraint Davies ","@GeraintDaviesMP","Labour","Swansea West",15390,-5
"Kelly Tolhurst ","@KellyTolhurst","Conservative","Rochester and Strood",15185,3
"William Wragg ","@William_Wragg","Conservative","Hazel Grove",15181,4
"Kim Johnson","@KimJohnsonMP","Labour","Liverpool, Riverside",15177,1
"Judith Cummins ","@JudithCummins","Labour","Bradford South",14849,2
"Christian Matheson ","@ChrisM4Chester","Labour","City of Chester",14718,2
"Douglas Chapman ","@DougChapmanSNP","Scottish National Party","Dunfermline and West Fife",14712,-2
"David Warburton ","@DJWarburton","Conservative","Somerton and Frome",14687,-2
"Olivia Frances Blake","@_OliviaBlake","Labour","Sheffield, Hallam",14685,-2
"Brendan O'Hara ","@BrendanOHaraMP","Scottish National Party","Argyll and Bute",14684,2
"Stephen McPartland ","@SMcPartland","Conservative","Stevenage",14663,7
"Alicia Kearns","@aliciakearns","Conservative","Rutland and Melton",14626,6
"James Heappey ","@JSHeappey","Conservative","Wells",14553,1
"Wayne David ","@WayneDavid_MP","Labour","Caerphilly",14529,-3
"Gavin Robinson ","@GRobinsonDUP","Democratic Unionist Party","Belfast East",14521,7
"Paula Barker","@PaulaBarkerMP","Labour","Liverpool, Wavertree",14516,3
"Amy Callaghan","@AmyCallaghanSNP","Scottish National Party","East Dunbartonshire",14502,-2
"Gavin Newlands ","@GavNewlandsSNP","Scottish National Party","Paisley and Renfrewshire North",14432,0
"Steve Double ","@stevedouble","Conservative","St Austell and Newquay",14347,4
"Robin Walker ","@WalkerWorcester","Conservative","Worcester",14315,2
"Clive Efford ","@CliveEfford","Labour","Eltham",14220,0
"Bim Afolami","@BimAfolami","Conservative","Hitchin and Harpenden",14177,2
"David Morris ","@davidmorrisml","Conservative","Morecambe and Lunesdale",14148,2
"Christine Jardine","@cajardineMP","Liberal Democrat","Edinburgh West",14102,-3
"David Evennett ","@DavidEvennett","Conservative","Bexleyheath and Crayford",14100,2
"Lisa Cameron","@DrLisaCameronMP","Scottish National Party","East Kilbride, Strathaven and Lesmahagow",14028,1
"Stephen Farry","@StephenFarryMP","Alliance Party of Northern Ireland","North Down",13945,5
"Nigel Adams","@nadams","Conservative","Selby and Ainsty",13918,8
"Rosie Cooper ","@rosie4westlancs","Labour","West Lancashire",13912,0
"Alun Cairns ","@AlunCairns","Conservative","Vale of Glamorgan",13897,-1
"David Jones ","@DavidJonesMP","Conservative","Clwyd West",13886,1
"Edward Leigh ","@EdwardLeighMP","Conservative","Gainsborough",13877,-1
"Rebecca Pow ","@pow_rebecca","Conservative","Taunton Deane",13780,0
"Yvonne Fovargue ","@Y_FovargueMP","Labour","Makerfield",13723,1
"Munira Wilson","@munirawilson","Liberal Democrat","Twickenham",13715,2
"Jessica Morden ","@jessicamordenmp","Labour","Newport East",13708,0
"Nigel Evans","@nigelmp","Conservative","Ribble Valley",13657,-1
"Anne McLaughlin ","@AnneMcLaughlin","Scottish National Party","Glasgow North East",13621,0
"Martin Docherty-Hughes","@MartinJDocherty","Scottish National Party","West Dunbartonshire",13611,10
"Lyn Brown ","@lynbrownmp","Labour","West Ham",13567,4
"Michael Ellis ","@Michael_Ellis1","Conservative","Northampton North",13508,5
"John Stevenson ","@John4Carlisle","Conservative","Carlisle",13383,4
"Stuart C. McDonald ","@Stuart_McDonald","Scottish National Party","Cumbernauld, Kilsyth and Kirkintilloch East",13361,-2
"Stephen Morgan","@StephenMorganMP","Labour","Portsmouth South",13333,19
"Patricia Gibson ","@PGibsonSNP","Scottish National Party","North Ayrshire and Arran",13269,2
"David Rutley ","@DavidRutley","Conservative","Macclesfield",13257,-1
"Alex Chalk ","@AlexChalkChelt","Conservative","Cheltenham",13208,1
"Ronnie Cowan ","@ronniecowan","Scottish National Party","Inverclyde",13205,2
"Chris Philp ","@CPhilpOfficial","Conservative","Croydon South",13106,5
"Mary Foy","@marykfoy","Labour","City of Durham",13070,1
"Marie Rimmer ","@MarieRimmer","Labour","St Helens South and Whiston",13056,0
"Chris Green","@CGreenUK","Conservative","Bolton West",13002,0
"Jamie Stone","@Jamie4North","Liberal Democrat","Caithness, Sutherland and Easter Ross",12931,-6
"Martin Vickers ","@MartinVickers","Conservative","Cleethorpes",12880,5
"Bob Seely","@IoWBobSeely","Conservative","Isle of Wight",12847,-1
"Tom Pursglove ","@VotePursglove","Conservative","Corby",12835,-3
"Jackie Doyle-Price ","@JackieDP","Conservative","Thurrock",12793,-1
"Victoria Prentis ","@VictoriaPrentis","Conservative","Banbury",12633,2
"Gillian Keegan","@GillianKeegan","Conservative","Chichester",12625,4
"Jo Churchill ","@Jochurchill4","Conservative","Bury St Edmunds",12608,3
"David Linden","@DavidLinden","Scottish National Party","Glasgow East",12586,0
"Richard Graham ","@RichardGrahamUK","Conservative","Gloucester",12542,2
"Karin Smyth ","@karinsmyth","Labour","Bristol South",12392,3
"Fleur Anderson","@PutneyFleur","Labour","Putney",12334,-1
"Alan Brown ","@AlanBrownSNP","Scottish National Party","Kilmarnock and Loudoun",12331,1
"Julian Knight ","@julianknight15","Conservative","Solihull",12090,3
"Kate Osborne","@KateOsborneMP","Labour","Jarrow",11980,4
"Marion Fellows ","@marionfellows","Scottish National Party","Motherwell and Wishaw",11891,6
"Robert Syms ","@RobertSyms","Conservative","Poole",11873,1
"Eddie Hughes","@EddieHughes4WN","Conservative","Walsall North",11845,7
"Philip Dunne","@Dunne4Ludlow","Conservative","Ludlow",11785,4
"Kevin Hollinrake ","@kevinhollinrake","Conservative","Thirsk and Malton",11783,1
"John Lamont","@John2Win","Conservative","Berwickshire, Roxburgh and Selkirk",11740,4
"Crispin Blunt ","@CrispinBlunt","Conservative","Reigate",11685,2
"Oliver Heald QC ","@OliverHealdUK","Conservative","North East Hertfordshire",11547,-5
"Nav Mishra","@NavPMishra","Labour","Stockport",11500,7
"Janet Daby","@JanetDaby","Labour","Lewisham East",11459,1
"Craig Mackinlay ","@cmackinlay","Conservative","South Thanet",11433,4
"Mike Kane ","@MikeKaneMP","Labour","Wythenshawe and Sale East",11356,-2
"Christina Rees ","@Rees4Neath","Labour","Neath",11315,3
"Mick Whitley","@MickWhitleyMP","Labour","Birkenhead",11314,2
"Mike Amesbury","@MikeAmesburyMP","Labour","Weaver Vale",11251,0
"Peter Aldous ","@peter_aldous","Conservative","Waveney",11247,6
"Greg Knight ","@GregKnight","Conservative","East Yorkshire",11211,0
"Steve Brine","@BrineMP","Conservative","Winchester",11174,21
"Siobhan Baillie","@Siobhan_Baillie","Conservative","Stroud",10998,-1
"Martyn Day ","@MartynDaySNP","Scottish National Party","Linlithgow and East Falkirk",10955,13
"Rachel Maclean","@redditchrachel","Conservative","Redditch",10863,-4
"John Spellar ","@spellar","Labour","Warley",10850,1
"Karl McCartney ","@karlmccartney","Conservative","Lincoln",10824,0
"Jeff Smith ","@JeffSmithetc","Labour","Manchester, Withington",10779,1
"Danny Kruger","@danny__kruger","Conservative","Devizes",10709,0
"Chris Elmore ","@CPJElmore","Labour","Ogmore",10684,1
"Mark Pritchard ","@MPritchardUK","Conservative","The Wrekin",10639,8
"Alberto Costa ","@AlbertoCostaMP","Conservative","South Leicestershire",10491,0
"Feryal Clark","@FeryalClark","Labour","Enfield North",10461,5
"Michael Tomlinson ","@Michael4MDNP","Conservative","Mid Dorset and North Poole",10291,3
"Jacob Young","@JacobYoungMP","Conservative","Redcar",10235,2
"Bambos Charalambous","@Bambos_MP","Labour","Enfield, Southgate",10157,-1
"Simon Hart ","@Simonhartmp","Conservative","Carmarthen West and South Pembrokeshire",10153,6
"Hywel Williams ","@HywelPlaidCymru","Plaid Cymru","Arfon",10102,1
"Nick Smith ","@BlaenauGwentMP","Labour","Blaenau Gwent",10066,5
"Alan Mak ","@AlanMakMP","Conservative","Havant",10028,1
"Stephanie Peacock","@Steph_Peacock","Labour","Barnsley East",9972,22
"Lee Benjamin Rowley","@Lee4NED","Conservative","North East Derbyshire",9859,1
"Matthew Offord","@Offord4Hendon","Conservative","Hendon",9832,7
"Darren George Henry","@DarrenG_Henry","Conservative","Broxtowe",9822,2
"James Cartlidge ","@jc4southsuffolk","Conservative","South Suffolk",9618,5
"Robert Courts ","@robertcourts","Conservative","Witney",9579,-2
"Craig Whittaker ","@CWhittaker_MP","Conservative","Calder Valley",9576,0
"Marcus Jones ","@Marcus4Nuneaton","Conservative","Nuneaton",9528,2
"Mark Tami ","@MarkTamiMP","Labour","Alyn and Deeside",9502,7
"Mary Robinson ","@MaryRobinson01","Conservative","Cheadle",9467,2
"Eleanor Laing ","@eleanor4epping","Conservative","Epping Forest",9462,3
"Matt Western","@MattWestern_","Labour","Warwick and Leamington",9396,6
"Tom Hunt","@tomhunt1988","Conservative","Ipswich",9386,0
"Sarah Green","@SarahGreenLD","Liberal Democrat","Chesham and Amersham",9355,3
"Johnny McNally","@JohnMcNallySNP","Scottish National Party","Falkirk",9268,0
"Beth Winter","@BethWinterMP","Labour","Cynon Valley",9253,0
"Carla Lockhart","@carlalockhart","Democratic Unionist Party","Upper Bann",9195,-1
"Craig Tracey ","@craig4nwarks","Conservative","North Warwickshire",9186,5
"Paul Bristow","@paulbristow79","Conservative","Peterborough",9060,4
"Tony Lloyd","@tony4rochdale","Labour","Rochdale",9001,2
"Kate Hollern ","@Kate_HollernMP","Labour","Blackburn",9001,4
"Lucy Frazer ","@lucyfrazermp","Conservative","South East Cambridgeshire",8974,2
"John Whittingdale ","@JWhittingdale","Conservative","Maldon",8734,-1
"James Morris","@JamesMorris","Conservative","Halesowen and Rowley Regis",8723,1
"Scott Mann ","@scottmann4NC","Conservative","North Cornwall",8656,2
"James Murray","@jamesmurray_ldn","Labour","Ealing North",8582,-2
"Jack Lopresti ","@JackLopresti","Conservative","Filton and Bradley Stoke",8529,1
"Luke Evans","@drlukeevans","Conservative","Bosworth",8512,-3
"Richard Holden","@RicHolden","Conservative","North West Durham",8349,0
"Dr Alan Whitehead ","@alanwhiteheadmp","Labour","Southampton, Test",8198,0
"Ben Lake","@BenMLake","Plaid Cymru","Ceredigion",8179,4
"Alex Davies-Jones","@AlexDaviesJones","Labour","Pontypridd",8175,1
"Nicola Faye Richards","@Nicola4WBE","Conservative","West Bromwich East",8131,0
"Órfhlaith Begley","@OrfhlaithBegley","Sinn Féin","West Tyrone",7922,1
"Rachel Hopkins","@rach_hopkins","Labour","Luton South",7894,5
"Royston Smith ","@Royston_Smith","Conservative","Southampton, Itchen",7890,3
"Valerie Vaz ","@Valerie_VazMP","Labour","Walsall South",7841,0
"Francie Molloy ","@FrancieMolloy","Sinn Féin","Mid Ulster",7760,0
"Kevin Foster ","@kevin_j_foster","Conservative","Torbay",7744,-2
"Owen Thompson ","@OwenThompson","Scottish National Party","Midlothian",7680,2
"John Howell ","@JHowellUK","Conservative","Henley",7644,1
"Alex Norris","@AlexNorrisNN","Labour","Nottingham North",7554,0
"Claire Coutinho","@ClaireCoutinho","Conservative","East Surrey",7531,3
"Angela Richardson","@AJRichardsonMP","Conservative","Guildford",7506,7
"Theo Clarke","@theodoraclarke","Conservative","Stafford",7472,1
"Ben Everitt","@Ben_Everitt","Conservative","Milton Keynes North",7470,0
"Mark Pawsey ","@MarkPawsey","Conservative","Rugby",7425,4
"Elliot Colburn","@ElliotColburn","Conservative","Carshalton and Wallington",7380,-2
"Saqib Bhatti","@bhatti_saqib","Conservative","Meriden",7141,3
"Sarah Atherton","@AthertonNWales","Conservative","Wrexham",7096,2
"Derek Twigg ","@DerekTwiggMP","Labour","Halton",7096,0
"Gerald Jones ","@GeraldJonesLAB","Labour","Merthyr Tydfil and Rhymney",7068,-1
"Stephen Metcalfe ","@Metcalfe_SBET","Conservative","South Basildon and East Thurrock",7016,5
"Gareth Davies","@GarethDavies_MP","Conservative","Grantham and Stamford",6994,1
"Greg Smith","@gregsmith_uk","Conservative","Buckingham",6939,-1
"Paul Holmes","@pauljholmes","Conservative","Eastleigh",6917,8
"Mike Wood ","@mikejwood","Conservative","Dudley South",6846,2
"Leo Docherty","@LeoDochertyUK","Conservative","Aldershot",6770,0
"Rebecca Harris ","@RebeccaHarrisMP","Conservative","Castle Point",6758,3
"Chris Evans","@Chris_EvansMP","Labour","Islwyn",6739,3
"Natalie Elphicke","@NatalieElphicke","Conservative","Dover",6681,3
"Matt Rodda","@MattRodda","Labour","Reading East",6678,4
"Khalid Mahmood","@khalid4PB","Labour","Birmingham, Perry Barr",6668,4
"Laura Farris","@Laura__Farris","Conservative","Newbury",6633,2
"Neil Parish ","@neil_parish","Conservative","Tiverton and Honiton",6619,3
"Stuart Paul Anderson","@Stuart4WolvesSW","Conservative","Wolverhampton South West",6554,-1
"Alan Campbell ","@alancampbellmp","Labour","Tynemouth",6527,0
"Edward Timpson","@edwardtimpson","Conservative","Eddisbury",6491,1
"Gill Furniss ","@GillFurnissMP","Labour","Sheffield, Brightside and Hillsborough",6483,1
"Fabian Hamilton","@FabianLeedsNE","Labour","Leeds North East",6467,4
"Roger Gale","@SirRogerGale","Conservative","North Thanet",6440,-2
"Julia Lopez","@JuliaLopezMP","Conservative","Hornchurch and Upminster",6417,3
"Paul Girvan","@PaulGirvanMP","Democratic Unionist Party","South Antrim",6359,0
"Ruth Jones","@RuthNewportWest","Labour","Newport West",6305,4
"Neale Hanvey","@JNHanvey","Scottish National Party","Kirkcaldy and Cowdenbeath",6254,14
"Dr Caroline Johnson ","@drcarolinej","Conservative","Sleaford and North Hykeham",6244,1
"Mel Stride","@MelJStride","Conservative","Central Devon",6234,0
"Robert Largan","@robertlargan","Conservative","High Peak",6152,1
"Simon Jupp","@simonjamesjupp","Conservative","East Devon",6130,1
"David Duguid","@david_duguid","Conservative","Banff and Buchan",6126,1
"Fay Alicia Jones","@JonesyFay","Conservative","Brecon and Radnorshire",6051,0
"Imran Nasir Ahmad Khan","@imranahmadkhan","Conservative","Wakefield",6050,-1
"Felicity Buchan","@FelicityBuchan","Conservative","Kensington",6006,0
"Wendy Chamberlain","@wendychambLD","Liberal Democrat","North East Fife",5957,-1
"Caroline Ansell ","@Caroline_Ansell","Conservative","Eastbourne",5954,3
"Matt Vickers","@Matt_VickersMP","Conservative","Stockton South",5953,-1
"Chris Loder","@chrisloder","Conservative","West Dorset",5951,2
"James Davies","@JamesDavies","Conservative","Vale of Clwyd",5883,2
"John Cryer","@JohnCryerMP","Labour","Leyton and Wanstead",5837,2
"Alexander Stafford","@Alex_Stafford","Conservative","Rother Valley",5803,0
"Stephen Flynn","@StephenFlynnSNP","Scottish National Party","Aberdeen South",5729,10
"Gareth Bacon","@GarethBaconMP","Conservative","Orpington",5697,6
"Chris Clarkson","@ChrisClarksonMP","Conservative","Heywood and Middleton",5596,3
"Anthony Mangnall","@AnthonyMangnal1","Conservative","Totnes",5510,3
"Amanda Solloway ","@ASollowayUK","Conservative","Derby North",5505,3
"Sara Britcliffe","@SarBritcliffeMP","Conservative","Hyndburn",5455,1
"Nigel Mills ","@nigelmills","Conservative","Amber Valley",5351,0
"Craig Williams ","@craig4monty","Conservative","Montgomeryshire",5319,1
"Derek Thomas ","@DerekThomasUK","Conservative","St Ives",5273,1
"Andy Carter","@MrAndy_Carter","Conservative","Warrington South",5270,0
"Mark Jenkinson","@markjenkinsonmp","Conservative","Workington",5261,6
"Mickey Brady ","@MickeyBradySF","Sinn Féin","Newry and Armagh",5180,1
"Luke Hall ","@LukeHall","Conservative","Thornbury and Yate",5066,3
"Mark Hendrick","@MpHendrick","Labour","Preston",5057,0
"Aaron Bell","@AaronBell4NUL","Conservative","Newcastle-under-Lyme",4990,2
"Robbie Moore","@_RobbieMoore","Conservative","Keighley",4888,0
"Andrew Lewer","@ALewerMBE","Conservative","Northampton South",4804,-1
"Gary Streeter ","@garystreeterSWD","Conservative","South West Devon",4745,-1
"David Amess","@amessd_southend","Conservative","Southend West",4732,4
"Christian Wakeford","@Christian4BuryS","Conservative","Bury South",4723,2
"Ben Spencer","@DrBenSpencer","Conservative","Runnymede and Weybridge",4694,3
"Scott Lloyd Benton","@ScottBentonMP","Conservative","Blackpool South",4660,0
"Jane Stevenson","@Jane_Stevenson_","Conservative","Wolverhampton North East",4627,1
"James Daly","@JamesDalyMP","Conservative","Bury North",4623,4
"Mark Eastwood","@mark4dewsbury","Conservative","Dewsbury",4553,2
"Gary Sambrook","@GarySambrook89","Conservative","Birmingham, Northfield",4447,3
"Andrew Griffith","@griffitha","Conservative","Arundel and South Downs",4394,-3
"Simon Baynes","@baynes_simon","Conservative","Clwyd South",4360,3
"Suzanne Webb","@Q66Suzi","Conservative","Stourbridge",4348,0
"Alex Burghart","@alexburghart","Conservative","Brentwood and Ongar",4340,1
"Giles Watling","@GilesWatling","Conservative","Clacton",4330,-2
"Anthony Browne","@ab4scambs","Conservative","South Cambridgeshire",4289,4
"Liz Twist","@LizTwistMP","Labour","Blaydon",4233,-3
"Shailesh Vara","@ShaileshVara","Conservative","North West Cambridgeshire",4230,1
"Julie Marson","@JulieMarsonMP","Conservative","Hertford and Stortford",4137,4
"Jo Gideon","@jogideon","Conservative","Stoke-on-Trent Central",4088,1
"Laurence Robertson ","@lrobertsonTewks","Conservative","Tewkesbury",4072,3
"Simon Fell","@simonfell","Conservative","Barrow and Furness",4035,1
"Ruth Edwards","@RuthEdwardsMP","Conservative","Rushcliffe",4032,2
"Gagan Mohindra","@gaganmohindra","Conservative","South West Hertfordshire",4017,7
"Kieran John Mullan","@KieranMullanUK","Conservative","Crewe and Nantwich",3997,1
"Dave Doogan","@DaveDooganSNP","Scottish National Party","Angus",3984,1
"Selaine Saxby","@SelaineSaxby","Conservative","North Devon",3967,3
"Tom Randall","@Tom_Randall","Conservative","Gedling",3815,2
"Katherine Fletcher","@K_Fletcher_MP","Conservative","South Ribble",3809,1
"Shaun Bailey","@Shaun4WBW","Conservative","West Bromwich West",3735,3
"Dean Russell","@dean4watford","Conservative","Watford",3683,2
"Marco Longhi","@marcolonghi4dn","Conservative","Dudley North",3682,0
"Steven Bonnar","@StevenBonnarSNP","Scottish National Party","Coatbridge, Chryston and Bellshill",3624,0
"Sally-Ann Hart","@SallyAnn1066","Conservative","Hastings and Rye",3595,2
"Antony Higginbotham","@antony_hig","Conservative","Burnley",3569,3
"David Simmonds","@DSimmonds_RNP","Conservative","Ruislip, Northwood and Pinner",3407,1
"Neil Hudson","@DrNeilHudson","Conservative","Penrith and The Border",3375,2
"Duncan Charles Baker","@duncancbaker","Conservative","North Norfolk",3349,4
"Lia Nici","@lia_nici","Conservative","Great Grimsby",3287,2
"Jill Mortimer","@Jill4Hartlepool","Conservative","Hartlepool",3247,1
"Peter Gibson","@Gibbo4Darlo","Conservative","Darlington",3208,3
"Brendan Clarke-Smith","@Bren4Bassetlaw","Conservative","Bassetlaw",3205,4
"James Sunderland","@JamesSunderl","Conservative","Bracknell",3199,2
"Robin John Millar","@RobinMillarMP","Conservative","Aberconwy",3134,1
"Jane Hunt","@JaneMHunt","Conservative","Loughborough",3133,1
"Tahir Ali","@TahirAliMP","Labour","Birmingham, Hall Green",3105,7
"Richard Gordon Thomson","@RThomsonMP","Scottish National Party","Gordon",3057,2
"Jim Shannon ","@JimShannonMP","Democratic Unionist Party","Strangford",2951,0
"Nicholas Fletcher","@NickFletcherMP","Conservative","Don Valley",2936,0
"Nickie Aiken","@twocitiesnickie","Conservative","Cities of London and Westminster",2902,5
"Cherilyn Mackrory","@thisischerilyn","Conservative","Truro and Falmouth",2890,4
"Mohammad Yasin","@YasinForBedford","Labour","Bedford",2741,1
"Paul Howell","@PaulHowellMP","Conservative","Sedgefield",2717,2
"James Wild","@jamesowild","Conservative","North West Norfolk",2664,4
"Jamie Hamilton Wallis","@JamieWallisMP","Conservative","Bridgend",2593,1
"David Johnston","@david4wantage","Conservative","Wantage",2507,0
"Jonathan Lord","@JonathanLord","Conservative","Woking",2469,6
"Jerome Mayhew","@JeromeMayhew","Conservative","Broadland",2367,3
"Julian Sturdy","@JulianSturdy","Conservative","York Outer",2061,0
"Ranil Jayawardena ","@TeamRanil","Conservative","North East Hampshire",2058,1
"Sarah Dines","@Dines4Dales","Conservative","Derbyshire Dales",1717,1
"Richard Bacon","@richardbaconmp","Conservative","South Norfolk",1572,1
"Maggie Throup ","@maggie_erewash","Conservative","Erewash",1380,1
"Rob Butler","@AylesburyTories","Conservative","Aylesbury",1041,0
"Mary Glindon","@GlindonMary","Labour","North Tyneside",917,5
"Lee Anderson","@LeeAndersonMP","Conservative","Ashfield",150,-1